{
    "Shopping": 37.00571870803833,
    "Education": 0,
    "Social Media": 0,
    "Coding/Development": 198.65482926368713,
    "News": 0,
    "Entertainment": 0,
    "Work/Productivity": 0,
    "Gaming": 27.48640275001526,
    "Video Streaming": 6.23495078086853,
    "Health & Fitness": 0,
    "Unknown": 5.906549692153931
}